"순번","시/도","시/군/구","예식장명","홀이름","조명/분위기","홀스타일","최소보증인원","착석인원","최대수용인원","예식시간","예식형태","식사형태","주소"
"1","서울특별시","강남구","세인트메리엘","세인트홀","어두운홀","어두운홀, 채플홀, 전문·컨벤션","-","160","160","90","분리예식","뷔페","서울특별시 강남구 논현로79길 72"
"2","서울특별시","강남구","아펠가모 선릉","단독홀","-","채플홀, 전문·컨벤션","-","200","200","90","분리예식","뷔페","서울특별시 강남구 테헤란로 322"
"3","서울특별시","강남구","노블발렌티 대치","NOBLE VALENTI DAECHI HALL","-","채플홀, 전문·컨벤션","-","200","200","90","분리예식","뷔페","서울특별시 강남구 영동대로 325"
"4","서울특별시","강남구","노블발렌티 삼성","Chapel Hall","-","채플홀, 하우스웨딩홀, 전문·컨벤션","-","300","300","120","분리예식","코스","서울특별시 강남구 봉은사로 637"
"5","서울특별시","강남구","더베일리하우스 삼성","단독홀","밝은홀","밝은홀, 채플홀, 전문·컨벤션","-","200","200","90","분리예식","뷔페","서울특별시 강남구 영동대로 506"
"6","서울특별시","강남구","더채플 앳 대치","단독홀","-","채플홀, 전문·컨벤션","-","-","-","120","분리예식","뷔페","서울특별시 강남구 영동대로 318"
"7","서울특별시","마포구","아펠가모 공덕","라로브홀","-","채플홀, 전문·컨벤션","-","270","300","90","분리예식","뷔페","서울특별시 마포구 마포대로 92"
"8","서울특별시","마포구","아펠가모 공덕","마리에홀","-","채플홀, 전문·컨벤션","-","270","300","90","분리예식","뷔페","서울특별시 마포구 마포대로 92"
"9","서울특별시","마포구","아만티 호텔 서울","단독홀","-","채플홀, 호텔웨딩","-","200","200","120","분리예식","뷔페","서울특별시 마포구 월드컵북로 31"
"10","서울특별시","중구","아벤티움 서울","채플홀","-","채플홀, 전문·컨벤션","-","170","170","90","분리예식","뷔페","서울특별시 중구 청파로 464"
"11","서울특별시","강남구","라움","체임버홀","밝은홀","밝은홀, 채플홀, 전문·컨벤션","-","270","270","180","분리예식","코스","서울특별시 강남구 언주로 564"
"12","서울특별시","강서구","루이비스 컨벤션 강서점","세인트그레이스홀","밝은홀","밝은홀, 채플홀, 전문·컨벤션","-","-","-","-","-","-","서울 강서구 양천로 476"
"13","서울특별시","광진구","웨딩스퀘어 강변","그레이스홀","어두운홀","어두운홀, 채플홀, 전문·컨벤션","-","-","-","-","-","-","서울 광진구 광나루로56길 85"
"14","서울특별시","구로구","라마다서울신도림","세인트그레이스홀","어두운홀","어두운홀, 채플홀, 호텔웨딩","-","-","-","-","-","뷔페","서울 구로구 경인로 624"
"15","서울특별시","구로구","제이오스티엘","제이오스티엘홀","어두운홀","어두운홀, 채플홀, 전문·컨벤션","-","-","-","60","-","-","서울 구로구 경인로 565"
"16","서울특별시","동대문구","벨라루체웨딩홀 서울점","플로체홀","밝은홀","밝은홀, 채플홀, 전문·컨벤션","-","-","-","-","-","-","서울 동대문구 망우로 61"
"17","서울특별시","서초구","세인트메리스 강남","세인트메리스홀","밝은홀","밝은홀, 채플홀, 전문·컨벤션","-","-","-","-","-","-","서울 서초구 남부순환로289길 5"
"18","서울특별시","서초구","아펠가모 반포점","단독홀","어두운홀","어두운홀, 채플홀, 전문·컨벤션","250~300","-","-","90","-","뷔페","서울 서초구 반포대로 235"
"19","서울특별시","서초구","엘타워","그랜드홀","어두운홀","어두운홀, 채플홀, 전문·컨벤션","-","380","380","180","동시예식","코스 · 한식·한정식","서울 서초구 양재동 24"
"20","서울특별시","성동구","보테가마지오","로스타뇨홀","밝은홀","밝은홀, 채플홀, 전문·컨벤션","300","-","550","-","-","뷔페","서울 성동구 서울숲2길 32-14"
"21","서울특별시","성동구","H스퀘어(한양대 동문회관)","헤리티지홀","어두운홀","어두운홀, 채플홀, 공공예식장","250","-","900","90","-","한식·한정식","서울 성동구 마조로 22-2"
"22","서울특별시","성북구","웨딩스퀘어 성북","그레이스홀","어두운홀","어두운홀, 채플홀, 전문·컨벤션","-","-","-","-","-","-","서울특별시 성북구 동소문로 284 길음서희스타힐스 1·2층"
"23","서울특별시","송파구","라비니움","리츄얼홀","어두운홀","어두운홀, 채플홀, 전문·컨벤션","200","-","500","90","-","뷔페","서울특별시 강동구 천호대로 996"
"24","서울특별시","송파구","아펠가모 잠실점","그랜드볼룸","어두운홀","어두운홀, 채플홀, 전문·컨벤션","200","-","-","90","-","뷔페","서울 송파구 올림픽로35길 137"
"25","서울특별시","영등포구","웨딩그룹위더스 영등포","아모르홀","밝은홀","밝은홀, 채플홀, 전문·컨벤션","-","-","-","-","-","뷔페","서울 영등포구 영중로 55"
"26","서울특별시","종로구","아펠가모 광화문","단독홀","어두운홀","어두운홀, 채플홀, 전문·컨벤션","-","-","-","-","-","뷔페","서울 종로구 종로1길 50"
"27","서울특별시","종로구","한국기독교연합회관","아가페홀","밝은홀","밝은홀, 채플홀, 공공예식장","-","300","300","60","분리예식","뷔페","서울 종로구 김상옥로 30"
"28","서울특별시","종로구","한국기독교연합회관","그레이스홀","밝은홀","밝은홀, 채플홀, 공공예식장","-","170","170","60","분리예식","뷔페","서울 종로구 김상옥로 30"
"29","서울특별시","종로구","SW컨벤션센터","노블레스홀","어두운홀","어두운홀, 채플홀, 전문·컨벤션","200","180","-","70","분리예식","뷔페","서울 종로구 지봉로 19"
"30","서울특별시","동작구","베라카채플","베라카채플","-","채플홀, 전문·컨벤션","200~250","150~200","200","-","분리예식","뷔페","서울특별시 동작구 노량진로 100"
"31","경기도","의정부시","웨딩더낙원","베일리홀","밝은홀","밝은홀, 채플홀","-","-","-","-","분리예식","-","경기 의정부시 시민로 65"
"32","경기도","안양시","빌라드지디 안양","갤러리아홀","밝은홀","밝은홀, 채플홀, 하우스웨딩홀","-","-","-","-","분리예식","-","경기 안양시 동안구 관악대로 254"
"33","경기도","성남시","W스퀘어컨벤션","채플홀","밝은홀","밝은홀, 채플홀, 전문·컨벤션","250","-","-","-","분리예식","-","경기 성남시 분당구 판교역로 178"
"34","경기도","성남시","W스퀘어컨벤션","그레이스홀","밝은홀","밝은홀, 채플홀, 전문·컨벤션","150","-","-","-","분리예식","-","경기 성남시 분당구 판교역로 178"
"35","인천광역시","연수구","송도 센트럴파크호텔","릴리 웨딩홀","밝은홀","밝은홀, 채플홀, 호텔웨딩","-","-","-","-","분리예식","-","인천광역시 연수구 테크노파크로 193"
"36","인천광역시","남동구","샤펠드미앙","단독홀","밝은홀","밝은홀, 채플홀, 하우스웨딩홀, 전문·컨벤션","-","-","-","-","분리예식","-","인천광역시 남동구 정각로 10"
"37","인천광역시","미추홀구","그랜드오스티엄","블리스홀","밝은홀","밝은홀, 채플홀, 하우스웨딩홀, 전문·컨벤션","-","180","-","-","분리예식","-","인천광역시 미추홀구 매소홀로 618"
"38","인천광역시","계양구","호텔 카리스","더벨라지오","밝은홀","밝은홀, 채플홀, 하우스웨딩홀, 호텔웨딩","-","-","-","-","분리예식","-","인천광역시 계양구 계양대로 28"
"39","부산광역시","연제구","아시아드시티웨딩홀","르느아르홀","밝은홀","밝은홀, 채플홀, 전문·컨벤션","150","170","1000","80","분리예식","-","부산광역시 연제구 월드컵대로 344"
"40","경상남도","창원시","리베라컨벤션","그랜드볼룸","어두운홀","어두운홀, 채플홀, 전문·컨벤션","250","250","700","60","분리예식","-","경상남도 창원시 성산구 중앙대로100번길 9"
"41","대구광역시","달서구","AW호텔","오스카홀","어두운홀","어두운홀, 채플홀, 호텔웨딩","250","180","750","60","분리예식","-","대구광역시 달서구 성서로 413"
"42","광주광역시","광산구","드메르웨딩홀","르씨엘홀","어두운홀","어두운홀, 채플홀, 전문·컨벤션","200","180","-","60","분리예식","-","광주광역시 광산구 임방울대로 549"
"43","충청북도","청주시","아모르아트웨딩컨벤션","아모르홀","밝은홀","밝은홀, 채플홀, 전문·컨벤션","250","150","600","60","분리예식","-","충청북도 청주시 흥덕구 남석로 579"
"44","전북특별자치도","전주시","그랜드힐스턴 호텔","더채플홀","밝은홀","밝은홀, 채플홀, 호텔웨딩","-","160","-","-","분리예식","-","전북특별자치도 전주시 완산구 온고을로 211"
"45","전북특별자치도","전주시","아름다운컨벤션웨딩","펠리스타홀","밝은홀","밝은홀, 채플홀, 전문·컨벤션","-","125","-","-","분리예식","-","전북특별자치도 전주시 덕진구 온고을로 291"